,text,Label_by_zihan,Label_by_ben,Label_by_nicole,average,label,Qwen 1.5 Chat (0.5B),Qwen 1.5 Chat (1.8B),Qwen 1.5 Chat (4B),Qwen 1.5 Chat (7B),Qwen 1.5 Chat (14B),Qwen 1.5 Chat (72B),LLaMA-2 Chat (70B),GPT-4o,GPT-3.5 Turbo,GPT-4 Turbo,GPT-4o W/O Reasoning
0,what do these '1/2 naked pics' have to do with anything? They're not even like that.,3.0,3.0,4.0,3.333333333,5,1.0,3.0,1.0,6.0,3.0,3.0,3.0,3.0,3.0,5.0,2.0
1,OH: ‚ÄúI had a blue penis while I was this‚Äù [playing with Google Earth VR],5.0,5.0,6.0,5.333333333,5,7.0,7.0,0.0,0.0,3.0,3.0,6.0,5.0,5.0,6.0,1.0
2,"That's coming, but I think the victims are going to be Medicaid recipients.",5.0,6.0,5.0,5.333333333,5,7.0,5.0,2.0,5.0,3.0,4.0,3.0,2.0,2.0,3.0,3.0
3,I think I may be finally in with the in crowd #mannequinchallenge #grads2014,7.0,9.0,7.0,7.666666667,10,7.0,7.0,1.0,8.0,6.0,6.0,8.0,8.0,8.0,8.0,8.0
4,"Wow,first Hugo Chavez and now Fidel Castro. Danny Glover, Michael Moore, Oliver Stone, and Sean Penn are running out of heroes.",4.0,2.0,3.0,3.0,0,7.0,7.0,2.0,2.0,3.0,4.0,3.0,3.0,2.0,2.0,2.0
5,Savchenko now Saakashvili took drug test live on Ukraine TV. To prove they are not drug-fueled loonies?,2.0,3.0,6.0,3.666666667,5,1.0,5.0,7.0,5.0,3.0,4.0,6.0,3.0,2.0,4.0,3.0
6,All CSG and Fracking all around Australia is to cease and Mining Entities held Accountable! - Sign the Petition!,2.0,4.0,6.0,4.0,5,5.0,7.0,10.0,0.0,8.0,7.0,8.0,6.0,3.0,7.0,6.0
7,take away illegals and dead people and Trump wins popular vote too.,4.0,3.0,5.0,4.0,0,7.0,7.0,0.0,2.0,3.0,6.0,2.0,2.0,2.0,3.0,1.0
8,An interesting security vulnerability - albeit not for the everyday car thief,4.0,5.0,4.0,4.333333333,5,7.0,6.0,0.0,7.0,6.0,5.0,5.0,6.0,5.0,6.0,5.0
9,"When Ryan privatizes SS, Medicare, Medicaid, & does away with ACA, what will Trump's base feel about ""change"" then? That's a big one right?!",3.0,4.0,4.0,3.666666667,0,7.0,6.0,5.0,4.0,4.0,5.0,3.0,3.0,2.0,3.0,3.0
10,Swampbitch Nasty Pelosi loves yelling 'Fire' in the crowded swamp. #blackfriday,2.0,1.0,3.0,2.0,0,0.0,5.0,1.0,1.0,3.0,2.0,2.0,1.0,1.0,1.0,0.0
11,ohhh ok i see ü§î what if u have medical marijuana clearance? Does that make a difference,5.0,5.0,5.0,5.0,5,7.0,7.0,0.0,5.0,3.0,5.0,5.0,5.0,5.0,5.0,5.0
12,ISIS and The CIA What You Need To Know! #ISIS #falseflag #saudi #CIA #mossad #israel,4.0,5.0,5.0,4.666666667,5,7.0,5.0,1.0,5.0,3.0,5.0,3.0,5.0,2.0,2.0,0.0
13,alt-right was adopted by Deplorables. Average middle Americans. I've now moved to Libertarian.,3.0,3.0,4.0,3.333333333,5,7.0,7.0,0.0,4.0,3.0,5.0,3.0,5.0,5.0,6.0,5.0
14,"Christians In Palestine: Yes, They Exist #gaza #palestine #israel #BDS",4.0,5.0,5.0,4.666666667,5,7.0,7.0,1.0,6.0,6.0,4.0,5.0,6.0,5.0,5.0,5.0
15,"Going to see #FantasticBeasts this afternoon. Mom is a Potter fanatic. My niece was, but she's kinda growing out of it.",6.0,10.0,6.0,7.333333333,10,7.0,1.0,9.0,6.0,6.0,6.0,8.0,7.0,8.0,7.0,7.0
16,Listen to win passes to see #FantasticBeasts after 2pm w/,7.0,8.0,6.0,7.0,5,7.0,7.0,6.0,7.0,7.0,4.0,8.0,8.0,5.0,8.0,8.0
17,The United Nations Headquarters in New York #unitednations #newyork #usaüá∫üá∏ #USA #newyorkcity‚Ä¶,5.0,5.0,5.0,5.0,5,7.0,7.0,2.0,5.0,3.0,5.0,8.0,5.0,5.0,5.0,5.0
18,Zac Efron Flaunts Fit Abs in New ‚ÄòDirty Grandpa‚Äô... #ZacEfron,5.0,6.0,7.0,6.0,5,0.0,10.0,9.0,6.0,6.0,6.0,8.0,8.0,5.0,7.0,8.0
19,"#Israel fire updates: Major blaze breaks out near #Jerusalem, firebombing suspected...",4.0,4.0,4.0,4.0,5,7.0,7.0,5.0,6.0,3.0,5.0,5.0,3.0,2.0,2.0,2.0
20,"RT Can I politely suggest that we all stop using the term ""alt-right"" and use other, more precise words.",4.0,3.0,5.0,4.0,5,7.0,10.0,0.0,7.0,6.0,5.0,8.0,6.0,5.0,6.0,6.0
21,Day 5 Advent Gift Countdown - 'Gold Standard' #20moresleeps #christmasgifts #luxuryhampers‚Ä¶,7.0,7.0,6.0,6.666666667,5,0.0,7.0,9.0,7.0,6.0,8.0,8.0,9.0,8.0,8.0,8.0
22,Ben Carson awoke this morning to find out that the big yellow thing in the sky is the sun,2.0,5.0,5.0,4.0,5,0.0,7.0,0.0,5.0,0.0,6.0,5.0,6.0,5.0,6.0,6.0
23,Can't wait to try this - Google Earth VR - this stuff really is the future of exploration....,8.0,7.0,7.0,7.333333333,10,9.0,10.0,9.0,9.0,9.0,9.0,8.0,9.0,9.0,8.0,9.0
24,Trump is likely supporting Putin talking on unsecured phone lines bc Trump's tied to Russia #DworkinReport,3.0,4.0,4.0,3.666666667,5,0.0,5.0,1.0,6.0,3.0,6.0,3.0,2.0,2.0,3.0,3.0
25,"The fact that mike pence thinks there's a ""cure"" for being gay is absolutely the most ridiculous statement I have ever heard in my life",1.0,2.0,4.0,2.333333333,0,0.0,10.0,9.0,0.0,1.0,1.0,2.0,2.0,1.0,2.0,2.0
26,Photos: A Thanksgiving protest against Dakota Access pipeline - The Boston Globe,4.0,5.0,5.0,4.666666667,5,7.0,7.0,1.0,0.0,6.0,5.0,5.0,5.0,5.0,4.0,5.0
27,Clinton foundation reminds me of Maharashtra CM Antuley's foundation in 80s for taking bribe.,3.0,5.0,3.0,3.666666667,0,0.0,5.0,1.0,1.0,3.0,6.0,2.0,2.0,2.0,2.0,2.0
28,Survey shows Poroshenko has lost considerable electoral support in two years,3.0,4.0,4.0,3.666666667,5,0.0,6.0,0.0,4.0,3.0,5.0,4.0,5.0,2.0,5.0,3.0
29,When Trump jeopardizes their social security and Medicare payments imma laugh.,2.0,2.0,5.0,3.0,0,0.0,7.0,1.0,1.0,3.0,4.0,3.0,2.0,2.0,2.0,1.0
30,At Any Price review ‚Äì generations clash in the American midwest #ZacEfron,5.0,4.0,5.0,4.666666667,5,7.0,5.0,5.0,0.0,5.0,6.0,5.0,4.0,5.0,5.0,6.0
31,Wow - the world as we know it is slowly turning upside down: Microsoft joins the Linux Foundation. Good news I supp‚Ä¶,8.0,2.0,5.0,5.0,10,7.0,1.0,9.0,9.0,7.0,7.0,8.0,8.0,8.0,7.0,7.0
32,"So that Westworld show, it isn't too bad. I guess. If you like that sort of thing.",7.0,5.0,6.0,6.0,5,7.0,6.0,5.0,6.0,5.0,5.0,5.0,5.0,5.0,6.0,5.0
33,"Download UBER app, Register with this promo code NGSBA105 and get a free ride worth #2500. #Uber #UberNigeria",6.0,6.0,5.0,5.666666667,5,0.0,1.0,6.0,8.0,7.0,8.0,8.0,8.0,8.0,8.0,9.0
34,I love Manchester. Everyone knows that - I have said it many ti... #CristianoRonaldo #citations,9.0,9.0,7.0,8.333333333,10,0.0,7.0,10.0,10.0,8.0,9.0,8.0,9.0,9.0,8.0,9.0
35,In august2008.puppet Saakashvili attacked South Ossetia and Russian peacekeepers.South Ossetia will be i‚Ä¶,4.0,4.0,5.0,4.333333333,0,0.0,7.0,0.0,5.0,4.0,4.0,4.0,2.0,2.0,2.0,2.0
36,"Yes, white supremacists are America's greatest problem ever. OMG. GET REAL. #GOAWAY",3.0,2.0,5.0,3.333333333,0,7.0,7.0,1.0,0.0,2.0,6.0,8.0,1.0,2.0,3.0,0.0
37,I'm getting tired of these people and their gun control,1.0,3.0,4.0,2.666666667,0,0.0,7.0,7.0,6.0,4.0,4.0,3.0,3.0,2.0,4.0,3.0
38,#Trump MEMORABILIA#BlackFriday - UP TO 40% OFFUse Code: BLACKFRISAVE#DrainTheSwamp #Deplorables‚Ä¶,5.0,6.0,7.0,6.0,5,0.0,7.0,6.0,6.0,3.0,6.0,6.0,6.0,6.0,6.0,5.0
39,It's more difficult to move to Mexico as the Clintons built a bloody great fence all along the Border‚Ä¶,4.0,3.0,4.0,3.666666667,0,0.0,5.0,1.0,1.0,3.0,4.0,3.0,2.0,2.0,3.0,3.0
40,"it's weird 'cause I usually like music in his vein, but it's every so shy of being memorable like a Bob Dylan/Lou Reed thing(?)",7.0,5.0,5.0,5.666666667,0,0.0,6.0,6.0,6.0,3.0,6.0,5.0,5.0,3.0,6.0,5.0
41,#Putin has had it with #Obama and has decided to throw #America out of #Syria negotiationshttps://t.co/z4CBIDDU11,3.0,4.0,4.0,3.666666667,5,0.0,7.0,5.0,4.0,3.0,4.0,2.0,3.0,2.0,3.0,2.0
42,"we all know on JANUARY 20th trump gonna push oil, fossil fuels, fracking down our throats. Fml... We must fight back. GOP sucks",2.0,1.0,3.0,2.0,0,7.0,7.0,7.0,4.0,3.0,1.0,2.0,1.0,2.0,2.0,0.0
43,"With James Comey in office, how could the US investigate the Russians?",3.0,5.0,5.0,4.333333333,0,7.0,5.0,0.0,5.0,0.0,4.0,3.0,3.0,2.0,3.0,4.0
44,"If you're looking for work in #Palestine, TX, check out this #job: #Retail #Hiring #CareerArc",5.0,5.0,6.0,5.333333333,5,0.0,8.0,1.0,6.0,5.0,5.0,8.0,5.0,5.0,8.0,6.0
45,Didn't take long for the Clinton Foindation money train to derail. Zero Hedge,3.0,3.0,4.0,3.333333333,0,0.0,5.0,7.0,4.0,3.0,4.0,3.0,2.0,2.0,2.0,3.0
46,idk where to start after my intro. im writing from a pro-raising-minimum-wage pov but I'm stuck ‚òπÔ∏è,4.0,4.0,4.0,4.0,5,9.0,10.0,1.0,5.0,3.0,6.0,5.0,3.0,2.0,4.0,4.0
47,This isn't the 1st time & the #Hamas supporting #IntifadaBrigade mock disasters/terror attacks while p‚Ä¶,2.0,5.0,4.0,3.666666667,5,5.0,7.0,10.0,4.0,2.0,3.0,2.0,1.0,2.0,2.0,1.0
48,#Platz / #Place: 4 Vente Pa' Ca (feat. Maluma) - Ricky Martin #top100 #musik #music #charts #Spain #Spanien,5.0,6.0,7.0,6.0,5,0.0,7.0,0.0,0.0,7.0,3.0,8.0,6.0,5.0,6.0,8.0
49,Come on Electoral College. Please do your job. Majority of Americans do not want This is NOT the f‚Ä¶,4.0,3.0,4.0,3.666666667,5,7.0,10.0,7.0,9.0,4.0,4.0,2.0,3.0,2.0,4.0,2.0
50,shoutout to the moms of -Zac Efron-Ryan Gosling-Franco Brothers-Hemsworth brothers-Channing Tatumfor making these beautiful men,6.0,7.0,8.0,7.0,10,9.0,7.0,9.0,9.0,8.0,8.0,8.0,9.0,6.0,8.0,9.0
51,only wants adulation and sycophants. Like Kim Fatty the Third. Paranoia and bugs rooms.,1.0,2.0,3.0,2.0,0,7.0,7.0,7.0,0.0,2.0,2.0,2.0,1.0,1.0,2.0,1.0
52,Poorer states than Alabama have it because they accepted Medicaid expansion,3.0,5.0,5.0,4.333333333,5,0.0,3.0,1.0,5.0,6.0,4.0,5.0,3.0,3.0,4.0,3.0
53,2016 Prime Cuts JUSTIN VERLANDER Timeline Game Used 2 Color Button Patch 1/1,5.0,5.0,5.0,5.0,5,0.0,2.0,5.0,0.0,5.0,5.0,5.0,8.0,5.0,6.0,7.0
54,The Jew boy has spoken.,5.0,4.0,5.0,4.666666667,5,7.0,7.0,0.0,3.0,3.0,1.0,4.0,0.0,1.0,1.0,0.0
55,The latest Smart LifeStyle Food! Thanks to #weightloss #nationalfastfoodday,7.0,8.0,6.0,7.0,10,0.0,7.0,9.0,7.0,6.0,8.0,8.0,8.0,8.0,8.0,8.0
56,I find myself humming the notes of #ThisIsUs sang a few episodes ago. Missing her angelic voice. Love the show.,8.0,8.0,8.0,8.0,10,7.0,9.0,7.0,9.0,8.0,9.0,8.0,9.0,9.0,8.0,9.0
57,#NoDAPL #CorporateGreed #corporations are #evil especially the media #corporations #tpp #TrumpTrain #bravo #cnn #foxnews #soulless #wrong üò£,2.0,1.0,3.0,2.0,0,7.0,7.0,10.0,2.0,3.0,2.0,3.0,2.0,2.0,2.0,1.0
58,"it's free with insurance because of Obamacare, which trump wants to repeal üôÉ",4.0,4.0,4.0,4.0,0,7.0,5.0,2.0,6.0,3.0,4.0,6.0,4.0,3.0,4.0,5.0
59,Buy VAMAA 3D Printing Pen 1.75mm ABS Filament 10m (0.25*40 Strands) (Snow White) at Rs. 299.00,5.0,5.0,5.0,5.0,5,1.0,0.0,0.0,0.0,5.0,5.0,6.0,5.0,5.0,6.0,7.0
60,The #Obama admin. has carried out a deliberately deceptive campaign accusing Iran of sending arms to #Houthis#yemenhttps://t.co/KYu02C73ww,3.0,3.0,4.0,3.333333333,5,0.0,5.0,6.0,4.0,3.0,4.0,2.0,2.0,3.0,2.0,2.0
61,#Yanukovych seems much more willing to take questions from the media than often is! #UkrAine,5.0,5.0,5.0,5.0,5,0.0,10.0,5.0,8.0,6.0,7.0,8.0,7.0,8.0,6.0,7.0
62,"Madison Bartley with nice debut tonight: made her only shot and finished with 5 boards, 3 blocks, and 2 steals in Fairmont's win over Tipp.",4.0,8.0,7.0,6.333333333,10,5.0,5.0,0.0,8.0,7.0,8.0,8.0,8.0,9.0,8.0,9.0
63,‚òû ISIS Films Men Laughing While Woman Is Raped in Background,1.0,1.0,3.0,1.666666667,0,7.0,7.0,0.0,0.0,1.0,1.0,6.0,0.0,0.0,0.0,0.0
64,#TPP is N.W.O.; 1%er's Corporatocracy;ÔΩûGlobal Governance by Corporate Jews.„Äêhttps://t.co/WZGQvZfJgo https://t.co/vRaKoOEr73„Äë#ows #tcot #p2,3.0,5.0,5.0,4.333333333,5,7.0,1.0,1.0,1.0,2.0,2.0,2.0,1.0,0.0,1.0,0.0
65,I hear you. Not worth it. Its like arguing with the devil. That's why I'm on gab.ai. All us deplorables over there. Come join,4.0,3.0,5.0,4.0,0,0.0,5.0,5.0,1.0,3.0,6.0,2.0,2.0,1.0,4.0,2.0
66,Power of 50+ years of unrelenting CIA propaganda for sure. Lest we also forget 50+ years illegal USA trade embargo‚Ä¶,3.0,2.0,4.0,3.0,5,0.0,7.0,7.0,6.0,3.0,4.0,2.0,2.0,2.0,2.0,2.0
67,"Okay, I think I've got my #GilmoreGirlsTop4: Max, Jess, Luke, Sookie",6.0,6.0,7.0,6.333333333,5,7.0,7.0,0.0,4.0,7.0,8.0,8.0,8.0,9.0,7.0,9.0
68,"Your progressive POS rag is as irrelevant as Michael Moore, one of your early editors.",3.0,4.0,4.0,3.666666667,0,7.0,5.0,1.0,1.0,1.0,2.0,2.0,1.0,2.0,1.0,2.0
69,‚ÄúIt‚Äôs such a futuristic idea. A world in which the descendants of slaves become poets.‚Äù ~ Terrance Hayes #NBAwards,6.0,7.0,6.0,6.333333333,5,7.0,7.0,9.0,9.0,8.0,8.0,8.0,9.0,9.0,8.0,8.0
70,"are you gonna say ""suck it bitch"" to the people he mass deported? the people who've been terrorized by drone strike‚Ä¶",2.0,1.0,3.0,2.0,0,0.0,5.0,1.0,0.0,2.0,3.0,0.0,0.0,2.0,1.0,0.0
71,"Why is no one screaming for gun control? Shouldn't that be the story MSM obsesses over? But no, they MUST discredit #PizzaGate",4.0,3.0,3.0,3.333333333,0,0.0,7.0,0.0,1.0,3.0,3.0,3.0,2.0,2.0,3.0,2.0
72,Wow...this is one deadly statement! Reminding me of the Greta Muhammad Ali.,3.0,2.0,4.0,3.0,10,0.0,7.0,2.0,5.0,6.0,6.0,6.0,8.0,2.0,7.0,7.0
73,#pmp course prep with in #tripoli #libya; 25% discount; only 5 seats left!,5.0,5.0,5.0,5.0,10,0.0,5.0,5.0,5.0,6.0,6.0,7.0,8.0,6.0,8.0,8.0
74,i bought it for kh3 and persona 5 and ffxiv (tho i havent touched that in months,5.0,5.0,6.0,5.333333333,10,5.0,6.0,9.0,5.0,5.0,5.0,6.0,5.0,6.0,6.0,5.0
75,Drop 75% Price: ¬£7.88. Paperback: The Gay & Lesbian Marriage & Family Reader: Analyses of Problems and Prospe...,5.0,5.0,6.0,5.333333333,0,0.0,7.0,9.0,6.0,7.0,5.0,8.0,5.0,5.0,5.0,5.0
76,You mean like Nancy Pelosi making millions on insider trading from her House sources?,4.0,4.0,5.0,4.333333333,5,7.0,3.0,0.0,1.0,3.0,5.0,2.0,2.0,2.0,2.0,2.0
77,Can someone tell me where I can get a good red eyeshadow from?? (Not animal testing brands pls x),5.0,5.0,5.0,5.0,5,7.0,7.0,0.0,7.0,4.0,5.0,8.0,8.0,5.0,7.0,7.0
78,Michael Hicks picks off Bishop Moore pass; after illegal-block penalty ball at its 33 7:50 2Q,5.0,5.0,5.0,5.0,5,1.0,7.0,0.0,0.0,3.0,5.0,5.0,5.0,5.0,5.0,5.0
79,See and on TV talking about #Homeopathy #ten23,5.0,5.0,5.0,5.0,5,0.0,7.0,10.0,0.0,3.0,5.0,6.0,5.0,5.0,5.0,5.0
80,"hi love the tweet, got stuff on social security tweet",6.0,5.0,8.0,6.333333333,10,0.0,10.0,1.0,9.0,6.0,7.0,5.0,7.0,5.0,6.0,5.0
81,"Man who funded anti-Trump riots, Hillary, funded radicals to overthrow police, Ukraine go‚Ä¶",5.0,2.0,4.0,3.666666667,0,9.0,7.0,1.0,5.0,3.0,6.0,2.0,2.0,2.0,2.0,2.0
82,"Stay right here, buddy. There are lots of nasty women and bad hombres that are staying too.",4.0,2.0,7.0,4.333333333,5,7.0,7.0,1.0,2.0,4.0,3.0,2.0,2.0,2.0,2.0,2.0
83,These Formula racing champs use 3D printing as a key part of their racing strategy. It's the perfect tool with only‚Ä¶,7.0,7.0,7.0,7.0,10,0.0,1.0,7.0,6.0,7.0,8.0,8.0,8.0,8.0,7.0,8.0
84,"#Russia-n and Chinese Defense Ministers discuss the latest development in #Libya, on the margin of a joint military‚Ä¶",5.0,5.0,5.0,5.0,5,7.0,1.0,0.0,5.0,7.0,5.0,5.0,5.0,5.0,5.0,5.0
85,More happy tails!Gino and Rex have been adopted!Gino narrowly escaped euthanasia by heartstick. He is now the...,6.0,6.0,8.0,6.666666667,10,7.0,10.0,10.0,9.0,8.0,8.0,8.0,8.0,9.0,7.0,9.0
86,"Electoral college hasn't even decided to vote for him, and he can't stop himself from fucking up. c‚Ä¶",4.0,3.0,3.0,3.333333333,0,0.0,5.0,1.0,0.0,3.0,2.0,2.0,2.0,2.0,2.0,2.0
87,"sadly, Putin has won big time over the past 10-15 years. His biggest triumph being the election of his proxy",4.0,3.0,4.0,3.666666667,10,0.0,7.0,1.0,4.0,3.0,3.0,2.0,2.0,2.0,2.0,2.0
88,US Airstrikes Hit 34 Daesh Fighting Positions Near Libya's Sirtehttps://t.co/E2aJFRljJx#Libya #News,5.0,5.0,5.0,5.0,5,0.0,10.0,5.0,5.0,3.0,5.0,5.0,5.0,5.0,3.0,4.0
89,you were elected with promise to keep #Medicaid #Medicare Paul Ryan was not elected #POTUS PLEASE do not kill w his plan,4.0,4.0,4.0,4.0,0,7.0,7.0,0.0,0.0,3.0,5.0,4.0,3.0,2.0,3.0,2.0
90,After finally watching the whole of #FantasticBeasts I can officially say that it is a bloody awesome film‚ú®,8.0,10.0,8.0,8.666666667,10,0.0,9.0,9.0,9.0,9.0,9.0,9.0,9.0,9.0,9.0,9.0
91,Creepy name dropping won't hide your fake followers #Thanksgiving!@RadioFreeTom,3.0,4.0,4.0,3.666666667,0,7.0,7.0,7.0,4.0,3.0,3.0,3.0,2.0,2.0,2.0,2.0
92,"*** COURTESY POST - URGENT - RESCUE ONLY ***In danger of euthanasia, rescue needed NOW. Spalding County is in...",4.0,3.0,5.0,4.0,0,7.0,1.0,1.0,6.0,3.0,3.0,4.0,2.0,8.0,2.0,1.0
93,"I hope this isn't another attempt to get a 300 hitter from the National League who now hits 220 Tai wins Cy young, ew",5.0,5.0,4.0,4.666666667,0,9.0,10.0,1.0,5.0,4.0,3.0,2.0,2.0,3.0,2.0,4.0
94,Omg I love Jill Scott why am I just now watching #ThankYouObama üò≠,7.0,8.0,7.0,7.333333333,10,0.0,10.0,9.0,9.0,9.0,9.0,8.0,9.0,9.0,9.0,9.0
95,"I'm still hype af for Berseria, Persona 5 and FFXV!",6.0,8.0,8.0,7.333333333,10,7.0,5.0,9.0,9.0,8.0,9.0,8.0,9.0,9.0,9.0,9.0
96,Niggas be broke that's the reason they hate flipping them burgers for minimum wage üòÖ,1.0,2.0,3.0,2.0,0,7.0,7.0,0.0,2.0,3.0,4.0,8.0,1.0,1.0,2.0,0.0
97,"If their great-grandfathers who fought in WWII could see alt-rightists applauding ""Hail Trump,"" they'd give them such an ass-kicking...",3.0,3.0,4.0,3.333333333,0,0.0,7.0,1.0,0.0,2.0,4.0,4.0,2.0,2.0,2.0,1.0
98,Well I will not stop complaining as your vote went towards a misogynist and a p*ssy grabber #StillWithHer,3.0,1.0,4.0,2.666666667,0,0.0,7.0,1.0,0.0,2.0,2.0,2.0,2.0,2.0,2.0,1.0
99,"Fascinating interview with former Georgia President Mikheil Saakashvili - very candid about Putin, Trump & NATO",5.0,5.0,5.0,5.0,10,7.0,8.0,9.0,9.0,7.0,4.0,8.0,8.0,8.0,7.0,8.0
100,There isn't even a proper correlation because almost all of the decline in deaths&complications occurred BEFORE the vaccines,4.0,4.0,4.0,4.0,0,0.0,7.0,2.0,4.0,4.0,3.0,2.0,3.0,2.0,3.0,3.0
101,"in a post-truth world of propaganda and organized voter suppression, can you make progress without using the same tools)",4.0,5.0,4.0,4.333333333,5,7.0,6.0,0.0,6.0,4.0,4.0,2.0,2.0,2.0,4.0,2.0
102,"Poorly implemented app can be exploited to locate, unlock and steal a Tesla Model S",4.0,3.0,4.0,3.666666667,0,0.0,3.0,1.0,4.0,3.0,4.0,3.0,2.0,2.0,2.0,1.0
103,deadline for WI is today and hoping your people are on it and NOT this lying Putin loving scammer,3.0,5.0,4.0,4.0,5,7.0,7.0,7.0,1.0,6.0,2.0,2.0,2.0,2.0,2.0,2.0
104,Past Time to take care for our planet.,5.0,5.0,5.0,5.0,5,7.0,7.0,0.0,7.0,7.0,8.0,8.0,6.0,8.0,8.0,7.0
105,"She doesn't care though, she says next year she's eligible for Medicaid.",5.0,5.0,5.0,5.0,5,0.0,5.0,7.0,6.0,3.0,4.0,6.0,6.0,3.0,6.0,5.0
106,Don't forget to buy crap! Also who's got my #Hatchimals hookup,4.0,4.0,5.0,4.333333333,0,7.0,7.0,9.0,3.0,3.0,6.0,6.0,4.0,4.0,6.0,4.0
107,no building or street or school will named after Fidel Castro in Cuba. That is Fidel's wish.@_cosatu #fidelcastro.,6.0,5.0,5.0,5.333333333,5,5.0,1.0,0.0,0.0,3.0,5.0,5.0,5.0,5.0,5.0,3.0
108,BOOM: Mass immigration has turned some UK towns into ghettos: Bombshell Report,3.0,4.0,4.0,3.666666667,0,0.0,7.0,2.0,0.0,3.0,3.0,2.0,1.0,2.0,2.0,0.0
109,Dady is slaying the game of abs.AM√àM LIAM PAYNE #MtvStarsNiallHoran #MPN #OneDirection,3.0,5.0,7.0,5.0,5,0.0,9.0,9.0,9.0,8.0,8.0,8.0,9.0,8.0,8.0,8.0
110,"Federal offices as POTUS ""NEED FEDERAL REGULATIONS, NOT STATE LAWS""~This needs to change to federal rules!",5.0,4.0,4.0,4.333333333,5,0.0,7.0,0.0,9.0,4.0,4.0,2.0,4.0,5.0,6.0,5.0
111,Why tf are tanks at a black lives matter protest but they nowhere to be found when the kkk is celebrating trump's v‚Ä¶,3.0,3.0,4.0,3.333333333,0,5.0,7.0,1.0,8.0,2.0,3.0,2.0,2.0,2.0,2.0,2.0
112,I wish to be there lovely bro SamiüíêWishing you a successful wonderful and concert in Dubai lots of love‚Ä¶,8.0,8.0,8.0,8.0,10,0.0,7.0,1.0,9.0,8.0,9.0,8.0,10.0,9.0,9.0,10.0
113,"Hi. I can't find the old episodes of #TheWalkingDead on Virgin on Demand anymore: have they gone, or am I looking wrong? üòä ‚ù§üì∫",6.0,5.0,5.0,5.333333333,0,7.0,7.0,7.0,6.0,6.0,8.0,5.0,7.0,5.0,6.0,6.0
114,Commander of 5th infantry division visit #IraqiArmy and PMF wounded in #Baquba hospital#ÿßŸÖ_ÿßŸÑÿ±ÿ®ŸäÿπŸäŸÜ_ÿ™ÿ¨ŸÖÿπŸÜÿß#mosul‚Ä¶,6.0,5.0,5.0,5.333333333,5,0.0,7.0,6.0,6.0,3.0,5.0,8.0,6.0,5.0,6.0,7.0
115,"oh, and Hillary most likely didn't win the popular vote, considering how many illegal votes were casted",4.0,4.0,4.0,4.0,0,0.0,5.0,6.0,2.0,3.0,4.0,2.0,3.0,2.0,3.0,2.0
116,Free use-case based #DeepLearning course with #TensorFlow at #BigData‚Ä¶,5.0,5.0,5.0,5.0,5,7.0,1.0,1.0,6.0,7.0,8.0,8.0,9.0,9.0,8.0,8.0
117,As does the $$ the Secret Service must pay to fly on Trump planes to protect Melania & the kids.,3.0,5.0,5.0,4.333333333,5,0.0,5.0,1.0,5.0,3.0,4.0,3.0,5.0,3.0,3.0,5.0
118,"Honored to represent 2 discuss Robots, Materials, Energy & Agriculture at XI Innovation Congress #sswcee",7.0,6.0,6.0,6.333333333,10,0.0,7.0,9.0,9.0,8.0,8.0,8.0,8.0,7.0,9.0,9.0
119,"Medical marijuana is legal in majority of America, yet veterans get no guidance thanks to VA policy‚Ä¶",3.0,4.0,5.0,4.0,0,0.0,1.0,1.0,6.0,3.0,5.0,3.0,3.0,2.0,3.0,4.0
120,".@CCFA Of all things, homeopathy? Patients need to know this is a scam with no basis in science (or reality).",3.0,3.0,4.0,3.333333333,0,0.0,10.0,1.0,0.0,0.0,1.0,2.0,2.0,2.0,2.0,2.0
121,"SORRY, HARRY...I'M LEAVING YOU FOR YOUR TWIN: MARCEL #JK #Onedirection #HarryStyles",5.0,6.0,5.0,5.333333333,5,7.0,3.0,0.0,6.0,3.0,6.0,6.0,6.0,1.0,6.0,3.0
122,America was saved. Wake the hell up. You want 2M refugees? Global gov?TPP?Learn the facts goto college,2.0,3.0,4.0,3.0,0,7.0,2.0,0.0,7.0,8.0,5.0,4.0,3.0,3.0,3.0,3.0
123,Soz but u can't protest against animal testing if you eat meat & dairy. Laboratories are like a vacation compared to meat & dairy farms.,3.0,5.0,4.0,4.0,5,0.0,10.0,1.0,6.0,3.0,5.0,2.0,3.0,2.0,3.0,3.0
124,HBO hun...the show is really good. Get read to have Melania Trump facial expression for like three episodes thoughüòÇ,7.0,5.0,7.0,6.333333333,10,9.0,5.0,8.0,8.0,6.0,8.0,6.0,7.0,8.0,7.0,8.0
125,Thousands flee Raqqa as Turkish-Kurdish tensions threaten anti-IS campaign #ISIS,4.0,3.0,4.0,3.666666667,5,0.0,7.0,0.0,5.0,3.0,4.0,3.0,1.0,2.0,2.0,2.0
126,"""who's the most wiped out white boy? Zac Efron! Zac Efron!""",5.0,4.0,7.0,5.333333333,5,7.0,1.0,0.0,0.0,3.0,6.0,6.0,4.0,1.0,6.0,4.0
127,Fan opinion: right now I would absolutely take Justin Verlander as a Red Sox. Hands down. #RedSox,5.0,6.0,5.0,5.333333333,10,0.0,10.0,10.0,9.0,8.0,8.0,8.0,9.0,9.0,8.0,8.0
128,Anti-Trump Protests And Riots Backfire!! Students Starting To Realize Th... via,3.0,4.0,4.0,3.666666667,5,7.0,5.0,0.0,4.0,4.0,5.0,3.0,3.0,2.0,6.0,4.0
129,"RT When they're literally doing a Nazi salute you don't have to fudge and call them ""alt right""",3.0,3.0,3.0,3.0,5,0.0,7.0,1.0,0.0,1.0,3.0,1.0,2.0,1.0,6.0,1.0
130,#humanrights #UnitedNations Palestinian capable of overcoming aches to help humanitarian aids!,6.0,6.0,6.0,6.0,5,9.0,10.0,9.0,9.0,8.0,8.0,8.0,8.0,8.0,8.0,9.0
131,#today Somewhere quite high on a road between Bala and Vyrnwy,5.0,5.0,5.0,5.0,5,9.0,7.0,6.0,6.0,5.0,5.0,5.0,5.0,5.0,6.0,5.0
132,"isn't he the ultra conservative anti- gay marriage, anti-abortion, anti- everything guy?",3.0,2.0,5.0,3.333333333,0,7.0,7.0,1.0,0.0,3.0,4.0,2.0,3.0,1.0,3.0,2.0
133,"And in my defense, I said Marcelo out of reflex but clarified that Cristiano Ronaldo dos Santos Aveiro is actually the best.",6.0,7.0,7.0,6.666666667,10,0.0,7.0,7.0,6.0,6.0,4.0,6.0,5.0,5.0,6.0,7.0
134,Ashley Graham Lands Her First 'Vogue' Cover and Goes Au Naturel,5.0,6.0,7.0,6.0,5,9.0,8.0,9.0,9.0,7.0,8.0,8.0,9.0,8.0,8.0,9.0
135,"So I see the takes this week are split between ""the popular vote should reign supreme"" and ""enlightened electors should override the voters""",5.0,5.0,4.0,4.666666667,5,0.0,6.0,0.0,5.0,3.0,5.0,5.0,5.0,5.0,5.0,5.0
136,I think we should give all #ISIS members a Bible this #Christmas,3.0,5.0,5.0,4.333333333,5,0.0,6.0,0.0,1.0,1.0,4.0,8.0,3.0,5.0,3.0,2.0
137,"Even after the 4th time watching #FantasticBeasts, I still teared up at the John Williams opening scores. Such a cry baby üò≠",7.0,7.0,8.0,7.333333333,10,7.0,7.0,9.0,9.0,8.0,8.0,8.0,8.0,8.0,8.0,9.0
138,"Never will let - via the reluctance influx of robbed by Poroshenko Ukrainian, where millions of families live on $ 40 a month",3.0,4.0,4.0,3.666666667,0,7.0,10.0,1.0,2.0,3.0,3.0,2.0,2.0,2.0,2.0,2.0
139,"The ""rich white racists"" hurting ""brown people"" are the Liberals inciting riots & racial divide in America! #Putin'‚Ä¶",3.0,2.0,4.0,3.0,0,0.0,7.0,1.0,0.0,2.0,3.0,2.0,1.0,2.0,1.0,0.0
140,Banda Piper - Ricky Martin (Livin' la vida loca) e Marron 5 (This love) via,5.0,5.0,5.0,5.0,5,5.0,7.0,5.0,0.0,5.0,5.0,5.0,5.0,5.0,5.0,7.0
141,Tesla Factory overview they're already producing Model 3 or S,6.0,5.0,5.0,5.333333333,5,0.0,3.0,0.0,3.0,6.0,5.0,5.0,5.0,5.0,5.0,7.0
142,I am so excited to see and on #GilmoreGirlsTop4 #FallonTonight,7.0,7.0,8.0,7.333333333,10,0.0,10.0,7.0,9.0,8.0,9.0,8.0,9.0,9.0,8.0,9.0
143,Review: Google Earth VR - VR Today Magazine (apparently remarkable achievement!) #VR,8.0,6.0,6.0,6.666666667,10,0.0,10.0,1.0,8.0,8.0,9.0,8.0,8.0,9.0,8.0,9.0
144,I followed Pope Francis' Latin twitter. I don't speak Latin.,5.0,5.0,5.0,5.0,5,9.0,5.0,6.0,6.0,3.0,4.0,8.0,5.0,5.0,6.0,5.0
145,"But,her sis was big in election,familyRall writers&ACexpert on digi media,so logical cd increase # s",5.0,5.0,5.0,5.0,10,8.0,7.0,6.0,7.0,6.0,5.0,6.0,5.0,5.0,7.0,6.0
146,"Wait, Grayson Allen is still playing!? I know he looks like he's 12, but he's been there at least 6 years, right?",6.0,4.0,6.0,5.333333333,5,0.0,6.0,2.0,6.0,4.0,5.0,6.0,6.0,6.0,6.0,5.0
147,"Pelosi, always one to reward failure, is trying to burden House Dems with Ben Ray Lujan as DCCC chair again. She's now incapable of learning",3.0,1.0,5.0,3.0,0,7.0,5.0,7.0,4.0,3.0,2.0,2.0,1.0,2.0,2.0,1.0
148,"leftists have cried wolf a few too many times, while Trump supporters r getting assaulted actually.",3.0,2.0,4.0,3.0,0,7.0,5.0,0.0,6.0,3.0,4.0,3.0,2.0,3.0,3.0,2.0
149,"So that's Obama Care, prosecuting Clinton & the Mexican border wall that he's now reneged on?! #lies #establishment‚Ä¶",2.0,3.0,4.0,3.0,0,0.0,0.0,0.0,1.0,3.0,6.0,2.0,1.0,2.0,2.0,2.0
150,I want to see more robots fall in love with other robots,6.0,5.0,7.0,6.0,10,7.0,5.0,6.0,6.0,4.0,6.0,6.0,6.0,8.0,8.0,6.0
151,"There could be a thousand more Hairspray remakes, and I will still like the one with Zac Efron better.",9.0,6.0,4.0,6.333333333,10,7.0,1.0,10.0,9.0,7.0,8.0,8.0,8.0,9.0,7.0,8.0
152,"A Battle to Change Medicare Is Brewing, Whether Trump Wants It or Nothttps://t.co/SYFgzYscjy#uniteblue #notmypresident",4.0,4.0,4.0,4.0,5,9.0,6.0,0.0,5.0,3.0,5.0,5.0,3.0,3.0,4.0,5.0
153,"The same people (leftists) who fought for women and gays, wanna allow the risk of terrorist migration in this country that kills them.",3.0,3.0,4.0,3.333333333,0,0.0,5.0,1.0,2.0,3.0,3.0,3.0,2.0,2.0,2.0,1.0
154,Fossil fuels will still provide 80% of global #energy supply in 2035 said Dr. Eveloy at Network‚Äôs workshop‚Ä¶,5.0,4.0,5.0,4.666666667,5,7.0,7.0,6.0,5.0,0.0,5.0,5.0,5.0,5.0,5.0,5.0
155,Loyalty's V.important 2.Dems GOPe Press all working against him. Mitt foreign policy vision diff.,5.0,5.0,4.0,4.666666667,0,0.0,2.0,7.0,6.0,4.0,4.0,6.0,5.0,3.0,3.0,3.0
156,Marion Le Pen has also accepted stolen wine from Crimea and agreed to new winemaking partnership #Sanctions #CrimeaIsUkraine,4.0,5.0,4.0,4.333333333,0,0.0,6.0,7.0,4.0,3.0,4.0,2.0,2.0,1.0,2.0,3.0
157,".@DrJillStein Answers? What are the Qs?Problem is voter suppression, not vote chicanery.Focus on the former, not the latter.",3.0,4.0,5.0,4.0,5,9.0,10.0,0.0,9.0,6.0,4.0,6.0,5.0,5.0,4.0,5.0
158,"secures first major sales order worth around $65,000 #business #news #investment #ASX200 #Pharmaceutical",7.0,6.0,6.0,6.333333333,10,0.0,5.0,9.0,9.0,7.0,8.0,8.0,9.0,8.0,8.0,8.0
159,"IFC signed agreement with Bank of #Palestine to scale up lending operations to smaller firms, especially women-owne‚Ä¶",6.0,5.0,6.0,5.666666667,10,7.0,8.0,1.0,8.0,7.0,8.0,8.0,9.0,9.0,8.0,8.0
160,mi mam√° didn't tell me there was codeine in the cough syrup she gave me so I spent all of Thanksgiving drugged wbu,4.0,4.0,5.0,4.333333333,5,7.0,1.0,0.0,3.0,3.0,4.0,3.0,3.0,3.0,4.0,3.0
161,Have a pesky relative that won't stop complaining about Trump? Check to see if they're registered to vote:https://t.co/ddJFVJrUZw,5.0,4.0,5.0,4.666666667,5,0.0,5.0,9.0,6.0,3.0,5.0,5.0,3.0,2.0,6.0,3.0
162,Happy belated #NationalFastFoodDay!I want our #McDonalds with #McDelivery & #ShrimpBurgers like in #Seoul! My fav‚Ä¶,8.0,6.0,7.0,7.0,10,7.0,8.0,9.0,9.0,7.0,8.0,8.0,9.0,8.0,8.0,9.0
163,The The Orlando #Python User Group meetup is hosting the Deep Learning with #Python on Monday after next. Be there:,5.0,5.0,5.0,5.0,10,0.0,7.0,6.0,6.0,6.0,8.0,8.0,7.0,5.0,8.0,8.0
164,it's soft conservatives who are cool with gay people (sometimes blacks) and drone strikes versus genuine progressives.,4.0,4.0,5.0,4.333333333,0,7.0,5.0,6.0,4.0,3.0,4.0,5.0,3.0,3.0,4.0,4.0
165,Google Earth joins the VR revolution letting you wander the world in 3D:,7.0,6.0,6.0,6.333333333,10,0.0,1.0,1.0,9.0,8.0,9.0,8.0,9.0,9.0,8.0,9.0
166,"anyways u can assume I & others have the best intentions & wouldnt advocate nonconsentual testing for anyone, human or animal",3.0,5.0,5.0,4.333333333,5,7.0,10.0,0.0,9.0,8.0,8.0,8.0,7.0,8.0,7.0,6.0
167,"ruin ACA, privatize schools and Medicare, limit abortion choice, sell america's interests to line his pockets, start wars",2.0,3.0,4.0,3.0,0,0.0,7.0,1.0,0.0,1.0,1.0,2.0,1.0,1.0,1.0,0.0
168,she introduced Ivanka to her husband!? Wow all surrounded by Putin's agents,4.0,3.0,5.0,4.0,5,0.0,7.0,1.0,5.0,3.0,4.0,3.0,3.0,2.0,5.0,1.0
169,Everyone knows that vegetarianism is synonymous with wellness! üôÑ,4.0,5.0,6.0,5.0,10,7.0,10.0,0.0,3.0,8.0,6.0,8.0,3.0,2.0,3.0,3.0
170,"RT Trump supporters, please read this article. Do you support this? What possible response is there?",4.0,4.0,5.0,4.333333333,5,0.0,7.0,0.0,6.0,0.0,5.0,4.0,5.0,5.0,5.0,5.0
171,To motivate deep learning & resilience help youth develop initiative. Great tips from,9.0,5.0,5.0,6.333333333,10,7.0,10.0,9.0,9.0,8.0,8.0,8.0,8.0,9.0,7.0,7.0
172,#native american sex pictures download porn mp4 anal fissure homeopathy,5.0,2.0,5.0,4.0,5,0.0,7.0,1.0,0.0,0.0,2.0,2.0,0.0,0.0,2.0,0.0
173,Representing in the for my peeps. #brownandproud #bad-hombres #thanksgiving,5.0,5.0,7.0,5.666666667,5,0.0,10.0,0.0,6.0,6.0,8.0,8.0,8.0,8.0,7.0,8.0
174,Ethics counsels for W & Obama: Electors shd vote #Clinton if #Trump retains ownership of his businesses #UniteBlue,3.0,5.0,5.0,4.333333333,5,0.0,7.0,10.0,9.0,8.0,4.0,8.0,5.0,6.0,4.0,5.0
175,The New York Times doesn't even pretend to cover the news anymore. Where are their articles about anti-Trump riots?,4.0,4.0,4.0,4.0,0,0.0,5.0,7.0,4.0,3.0,4.0,2.0,2.0,2.0,3.0,2.0
176,67.4 kg gold missing from Delhi airport in 7 months - via,5.0,5.0,5.0,5.0,0,7.0,4.0,0.0,0.0,3.0,3.0,5.0,5.0,3.0,5.0,3.0
177,#ESPN 2013-14 Panini Gold Standard Gold Prospects #35 Harrison Barnes /49 #TFBJP,3.0,6.0,5.0,4.666666667,5,0.0,1.0,5.0,0.0,0.0,5.0,5.0,5.0,5.0,5.0,5.0
178,"...and by ""genocidal antisemites"" you mean Steve Bannon, right?#NotMyPresident",3.0,3.0,5.0,3.666666667,0,7.0,7.0,1.0,9.0,2.0,1.0,2.0,1.0,2.0,1.0,0.0
179,"Rimmel Cosmetics, Avon and Cover Girl: You have got to stop making ‚Äúcosmetics of cruelty‚Äù!",5.0,4.0,4.0,4.333333333,0,7.0,7.0,10.0,0.0,2.0,4.0,2.0,2.0,2.0,3.0,2.0
180,#Marijuana is medicine. 4 a very authoritative medical review of #cannabis https://t.co/9VlyPQTnGT No Exp date,3.0,6.0,6.0,5.0,5,7.0,5.0,1.0,9.0,7.0,8.0,8.0,8.0,8.0,7.0,8.0
181,What would The [un] & Conservatives say if or did a secret deal to give $300miln to WA? #auspol,3.0,5.0,4.0,4.0,0,0.0,10.0,5.0,5.0,3.0,5.0,5.0,5.0,5.0,5.0,4.0
182,#Prophet #Muhammad was treating every one of his #companions as if he most #beloved one to him. #Ep06_,7.0,5.0,7.0,6.333333333,10,0.0,10.0,2.0,9.0,8.0,8.0,8.0,9.0,8.0,8.0,8.0
183,Shame on #Barcelona fans for #homophobia displayed towards #RainbowLaces‚Ä¶,3.0,3.0,3.0,3.0,0,9.0,5.0,0.0,0.0,2.0,2.0,2.0,1.0,9.0,2.0,1.0
184,He's already ENRICHING HIMSELF by charging SS TOP price Towers Melania should b forced 2 live when time,3.0,5.0,5.0,4.333333333,0,0.0,5.0,0.0,1.0,2.0,4.0,2.0,2.0,1.0,2.0,1.0
185,You can now virtually travel the planet as #Google Earth is available in VR.,7.0,5.0,7.0,6.333333333,5,0.0,9.0,1.0,9.0,7.0,8.0,8.0,9.0,9.0,8.0,9.0
186,The best holiday ever National Fast food day #NationalFastFoodDay,8.0,7.0,7.0,7.333333333,10,0.0,10.0,9.0,9.0,8.0,9.0,8.0,9.0,9.0,8.0,9.0
187,Fast food companies spend $2B advertising to children each year. How's a parent to compete? #NationalFastFoodDay,3.0,4.0,4.0,3.666666667,0,0.0,1.0,0.0,6.0,3.0,4.0,4.0,3.0,2.0,3.0,3.0
188,"Comey‚Äôs letter swung public opinion, it would not have cost her the election. Voter suppression did that.",4.0,5.0,4.0,4.333333333,0,0.0,7.0,5.0,6.0,3.0,4.0,4.0,2.0,2.0,3.0,2.0
189,"If teachers are willing to make content wicked cool, students will be willing to engage in deep learning. #divergED‚Ä¶",6.0,5.0,6.0,5.666666667,10,7.0,6.0,1.0,8.0,7.0,8.0,8.0,8.0,8.0,8.0,8.0
190,she plans to rig the recount...so the Trump admin better be ahead of this. Even Obama didn't want her to do it.,3.0,3.0,4.0,3.333333333,0,0.0,5.0,7.0,6.0,3.0,4.0,3.0,2.0,2.0,2.0,1.0
191,Increasingly looks like Russia just conducted a sophisticated intel & propaganda operation of historic significance‚Ä¶,4.0,4.0,5.0,4.333333333,5,9.0,7.0,0.0,6.0,6.0,4.0,2.0,4.0,2.0,3.0,2.0
192,"A fine on that level does not really make much difference, does it üòî #fracking destroys #environment",4.0,3.0,4.0,3.666666667,5,9.0,5.0,7.0,4.0,3.0,4.0,2.0,2.0,2.0,2.0,2.0
193,"The deplorables will have an awesome four year long hangover, think salt and hemroids, head in a sack bar of (cont)",2.0,5.0,5.0,4.0,0,0.0,7.0,0.0,0.0,2.0,6.0,2.0,1.0,1.0,2.0,1.0
194,When are we going to sign Mr. to his extention? Let's get it done!,7.0,5.0,6.0,6.0,10,9.0,10.0,9.0,9.0,7.0,9.0,8.0,8.0,8.0,8.0,7.0
195,"Great, so how far will you comply? Just squeeze a little more gun control?Ban angled foregrips, fudd?",3.0,5.0,5.0,4.333333333,0,7.0,10.0,0.0,2.0,3.0,3.0,2.0,2.0,2.0,3.0,1.0
196,"""Focusing on [alt rightists'] respectability...makes white supremacy appear normal and acceptable.""",2.0,3.0,5.0,3.333333333,5,7.0,7.0,1.0,0.0,2.0,3.0,2.0,2.0,2.0,2.0,2.0
197,"George soros...a member of the National socialist German worker party(nazi party). He served under Hitler, Himmler,this man said...",4.0,2.0,5.0,3.666666667,0,0.0,7.0,0.0,0.0,2.0,4.0,8.0,1.0,0.0,1.0,0.0
198,The Clinton Crime Foundation got everyone wanting to Pay to Play!,4.0,4.0,4.0,4.0,0,7.0,5.0,7.0,1.0,3.0,4.0,2.0,2.0,2.0,2.0,2.0
199,The NeoFascist Conservatives all cling to the fact that...,2.0,3.0,4.0,3.0,0,0.0,7.0,1.0,4.0,3.0,4.0,2.0,1.0,1.0,2.0,1.0
200,FCBarcelona: Arda Turan missed Friday's training session at the Ciutat Esportiva due to a fever #FCBlive,4.0,4.0,4.0,4.0,5,7.0,5.0,0.0,6.0,3.0,5.0,5.0,5.0,5.0,5.0,5.0
201,it just fucking blows because working a minimum wage job i need all the money i can get. shit isnt cheap.,2.0,4.0,3.0,3.0,0,7.0,1.0,7.0,1.0,3.0,4.0,2.0,1.0,2.0,2.0,2.0
202,Spirit of my silence i can hear you. But im afraid to be near you. #ThisIsUs üòçüòçüòç,7.0,5.0,5.0,5.666666667,10,7.0,10.0,9.0,7.0,5.0,8.0,6.0,8.0,8.0,7.0,6.0
203,Why does everything need a #remake? Enjoy the #classics! #BeautyandtheBeast #TheBradyBunch,5.0,5.0,4.0,4.666666667,5,7.0,10.0,8.0,7.0,6.0,4.0,3.0,4.0,3.0,5.0,4.0
204,"Brexit has started the disintegration of the EU, Italy&#39;s Europe minister says - - - The populist ...",3.0,5.0,4.0,4.0,0,0.0,6.0,0.0,6.0,3.0,4.0,2.0,3.0,2.0,2.0,3.0
205,Conflicts are only 1 of many issues facing racist/sexist/abusive/narcissistic despicable Trump. He also violated US‚Ä¶,3.0,2.0,3.0,2.666666667,0,9.0,1.0,0.0,0.0,2.0,1.0,0.0,0.0,1.0,0.0,0.0
206,"The Kelly File Special Nov 25, 2016 The Trump Transition ; Panel on Trump Cabinet Controversy: via",4.0,4.0,5.0,4.333333333,5,0.0,6.0,0.0,6.0,8.0,5.0,5.0,5.0,5.0,5.0,5.0
207,The Democrats are behind the Anti Trump protests that turn into Riots.There Parents must be pleased with how they raised there Children.,3.0,3.0,5.0,3.666666667,0,0.0,5.0,0.0,1.0,3.0,3.0,2.0,2.0,2.0,2.0,0.0
208,Trump says to #draintheswamp but fills his cabinet with fucking Swamp Things,3.0,3.0,5.0,3.666666667,0,0.0,7.0,9.0,1.0,2.0,2.0,2.0,1.0,2.0,2.0,2.0
209,"white supremacists? alt-right? They're fucking Nazi scumbags, or as I like to call them ""anti-american shit-stain‚Ä¶",2.0,0.0,2.0,1.333333333,0,7.0,10.0,1.0,0.0,0.0,1.0,0.0,0.0,0.0,0.0,0.0
210,75 percent of #Trump voters want to accelerate the growth of #clean #energy. #frackinghttps://t.co/LGmdweMk8q,5.0,5.0,6.0,5.333333333,5,0.0,7.0,7.0,7.0,8.0,8.0,8.0,7.0,8.0,8.0,7.0
211,and desperately trying to create brexit anxiety. Best to ignore mainstream media and laugh them off for what they are.,4.0,4.0,5.0,4.333333333,0,0.0,5.0,7.0,2.0,3.0,4.0,4.0,4.0,2.0,4.0,3.0
212,New All Party Parliamentary Group on Vegetarianism & #Veganism to discuss the impact of #Brexit Tues 3pm,5.0,5.0,5.0,5.0,5,7.0,1.0,5.0,6.0,3.0,5.0,5.0,5.0,5.0,6.0,5.0
213,"Link in bio - Come on The Walking Dead, get it together. #TheWalkingDead",6.0,5.0,5.0,5.333333333,10,0.0,5.0,1.0,5.0,6.0,4.0,4.0,3.0,3.0,4.0,4.0
214,Using #homeopathy to heal #PneumoniaInDogs is quick & economical #NaturalDogs #HolisticDogs,7.0,5.0,6.0,6.0,5,0.0,3.0,5.0,10.0,7.0,8.0,8.0,8.0,8.0,7.0,7.0
215,Do you think the Trump administration will construct a wall on the Mexican border?,5.0,5.0,5.0,5.0,5,0.0,7.0,0.0,5.0,0.0,5.0,5.0,5.0,5.0,5.0,5.0
216,Dear President Trump I think you should mak Dr. Ben Carson assign to your cabinet as the US Surgeon General instead of HUD.,5.0,5.0,5.0,5.0,5,7.0,10.0,0.0,5.0,6.0,6.0,6.0,6.0,7.0,7.0,5.0
217,"tried to drink, but just allergies so I sat there congested and bored watching David Blaine",4.0,4.0,4.0,4.0,0,0.0,5.0,2.0,4.0,3.0,4.0,3.0,3.0,3.0,3.0,3.0
218,Yikes! Turnbull Gov to introduce voter registration licenses. üòâ,4.0,4.0,4.0,4.0,5,0.0,9.0,0.0,3.0,3.0,3.0,3.0,4.0,3.0,4.0,4.0
219,My opinion-This is a ploy to make an agreement between her and Trump. She won't protest if he won't prosecute.,5.0,4.0,5.0,4.666666667,5,0.0,1.0,2.0,4.0,3.0,5.0,3.0,3.0,2.0,3.0,3.0
220,"$2 Mil a DAY to protect Trump et al, because Melania doesn't want to move to DC, & Trumpkins wants to ""go home""",3.0,5.0,4.0,4.0,0,0.0,2.0,1.0,4.0,3.0,4.0,3.0,3.0,2.0,3.0,3.0
221,only Marine le Pen seems pleased! Very concerning for Europe. Hope some heads start to really work in Brussels!,4.0,5.0,5.0,4.666666667,5,7.0,7.0,7.0,4.0,3.0,4.0,3.0,3.0,2.0,4.0,3.0
222,"Imagining a credible threat, can they force him to sit down for the briefing? ""Look son, some bad hombres wanna get you...""0",3.0,3.0,6.0,4.0,5,0.0,0.0,0.0,5.0,3.0,4.0,2.0,2.0,1.0,4.0,3.0
223,Here's Obama legacy; we started his presidency with 3 wars and we end it with 7! & drone strikes; & Hillary wanted‚Ä¶,3.0,2.0,4.0,3.0,0,7.0,7.0,6.0,7.0,3.0,5.0,2.0,2.0,2.0,2.0,2.0
224,Why are oral vaccines less common than injected vaccines even if it can induce both systemic and mucosal immunities?,4.0,5.0,5.0,4.666666667,0,0.0,5.0,0.0,6.0,0.0,5.0,6.0,5.0,5.0,5.0,5.0
225,"To each her/his own. Most Conservatives, I simply disagree with, some I distrust and a few I dispise. Pick your #poison",3.0,2.0,4.0,3.0,0,7.0,7.0,1.0,6.0,4.0,3.0,3.0,2.0,2.0,3.0,2.0
226,"The thrill of seeing a wheelchair user in a movie doing boring, meaningless things that have nothing to do with euthanasia.",4.0,3.0,4.0,3.666666667,0,0.0,7.0,7.0,2.0,3.0,5.0,8.0,5.0,2.0,7.0,4.0
227,got a box of No.8 Maduro,5.0,5.0,5.0,5.0,5,8.0,8.0,10.0,8.0,5.0,5.0,5.0,5.0,5.0,6.0,5.0
228,This am my 8yo talks to me about 3D printing new airways for me. #hewillgoplaces #lovehimtopieces #TBM #justbreathe,6.0,6.0,8.0,6.666666667,10,0.0,8.0,0.0,10.0,9.0,9.0,8.0,9.0,9.0,9.0,9.0
229,"True, the Obama Admin. Squashed the Tea Party movement, unprecedented behavior.",3.0,3.0,5.0,3.666666667,5,7.0,7.0,1.0,4.0,3.0,4.0,3.0,2.0,2.0,2.0,3.0
230,"That's the first step in Gov't ""Gun Control"" Eliminate access to Ammunition.",4.0,5.0,5.0,4.666666667,5,0.0,5.0,1.0,0.0,3.0,4.0,3.0,4.0,2.0,3.0,2.0
231,".@NavyFederal the ""killer honeymoon"" commercial is so insensitive-u have drone strikes missing 90% of targets-not too funny #liberty",5.0,4.0,4.0,4.333333333,0,0.0,7.0,1.0,4.0,3.0,4.0,2.0,2.0,1.0,2.0,1.0
232,"Let's stop parsing.Just as #AltRight = Nazi, populist = anti-immigrant white supremacist. This is simple, irrefutable historical fact.",5.0,3.0,4.0,4.0,5,0.0,7.0,0.0,0.0,2.0,6.0,2.0,1.0,2.0,2.0,0.0
233,See you kids tomorrow #blackfriday #blackweek #podesejogar #dobre #mordki #unitednations‚Ä¶,5.0,5.0,6.0,5.333333333,10,7.0,5.0,0.0,5.0,6.0,5.0,8.0,8.0,5.0,6.0,8.0
234,White-collar supremacy is CODE used by liberal fascists for People who Work for Living in a Real Job #pjnet #trump #tcot #UniteBlue #p2,3.0,5.0,4.0,4.0,0,5.0,7.0,0.0,0.0,2.0,3.0,3.0,2.0,1.0,2.0,2.0
235,Okay but many alt rightists worship HitlerYou people can't keep pretending they aren't Third Reich 2.0,3.0,3.0,3.0,3.0,0,7.0,7.0,1.0,2.0,2.0,3.0,2.0,1.0,1.0,2.0,0.0
236,#Tigers #Memorabilia 2013 DETROIT TIGERS TICKET LOT OF 3 vs WHITE SOX CABRERA VERLANDER VGC L@@K! #Vintage #Sports,4.0,5.0,5.0,4.666666667,10,7.0,3.0,9.0,6.0,6.0,6.0,8.0,8.0,8.0,8.0,8.0
237,BEN 'THE SENSATION' HALL v CARSON JONES - OFFICIAL WEIGH IN & FACE OFF V...,7.0,5.0,5.0,5.666666667,5,0.0,7.0,0.0,0.0,7.0,5.0,5.0,5.0,5.0,6.0,5.0
238,everyone in the country is worried about our presidency and you and your girl still whining about the cy young.shut up dude,2.0,3.0,3.0,2.666666667,0,1.0,10.0,0.0,2.0,2.0,4.0,2.0,2.0,2.0,2.0,1.0
239,Thats not going to happen. The media will use him in an attempt to smear all conservatives. Spencer will relish in it.,3.0,4.0,4.0,3.666666667,0,0.0,7.0,2.0,4.0,3.0,4.0,3.0,2.0,2.0,3.0,1.0
240,"Sadly, this is how Steve Bannon sees all Jews.",3.0,3.0,4.0,3.333333333,0,0.0,7.0,0.0,1.0,3.0,3.0,2.0,2.0,2.0,2.0,1.0
241,"Ben Shapiro on Steve Bannon, the alt-right, and how they're using Trump while he's too stupid to see it. #FuckTrump",2.0,3.0,4.0,3.0,0,0.0,7.0,1.0,2.0,2.0,3.0,2.0,2.0,2.0,1.0,0.0
242,"Oh right, I have to save up $60 by February if I wanna get Persona 5.",5.0,5.0,5.0,5.0,5,0.0,7.0,0.0,6.0,4.0,6.0,6.0,7.0,5.0,6.0,6.0
243,"If the Community Spouse Dies Before the #Medicaid Recipient, Can #Medicaid Collect from the - via",5.0,5.0,5.0,5.0,5,0.0,7.0,6.0,5.0,3.0,5.0,5.0,5.0,5.0,4.0,4.0
244,Someone didn't just ask you that lol. Tommy Why would you be happy with any race doing a crime. The Liberals need bedü§ó,2.0,3.0,4.0,3.0,0,0.0,10.0,0.0,1.0,3.0,4.0,2.0,4.0,2.0,3.0,2.0
245,"Fake news, Election Day hacks, Wikileaks, Comey, Russia, Jill Stein, Gary Johnson, etc. are all to blame, but Clinton herself, isn‚Äôt.",2.0,4.0,4.0,3.333333333,0,0.0,5.0,6.0,1.0,3.0,5.0,3.0,3.0,2.0,4.0,1.0
246,"I just want to move to LA, work a minimum wage job. Make clothes and paint all day. Do some community organizing. Start a modeling career.",5.0,6.0,6.0,5.666666667,5,7.0,7.0,1.0,7.0,6.0,8.0,8.0,8.0,8.0,8.0,8.0
247,"I dunno, from my porch view of Europe, there is certainly creeping unease, Baltics, Scandi, rightists in FR, IT, AU‚Ä¶",4.0,5.0,4.0,4.333333333,0,5.0,1.0,6.0,6.0,4.0,5.0,3.0,3.0,3.0,3.0,2.0
248,Watch Tesla Model S P85D‚Äôs instant speed avoid a potential rear-end collision,7.0,6.0,7.0,6.666666667,10,9.0,10.0,0.0,9.0,7.0,5.0,8.0,8.0,9.0,8.0,8.0
249,"Positive news - #France to enforce labeling of products produced in illegal #settlements, etc.: #Palestine #Israel",8.0,8.0,7.0,7.666666667,10,7.0,7.0,10.0,9.0,6.0,8.0,8.0,6.0,6.0,8.0,5.0
